run,duration_seconds,exit_code,pass
1,.539907370,1,1
2,1.272170987,1,1
3,.627147701,1,1
4,.524141546,1,1
5,.519073095,1,1
6,.522155867,1,1
7,.524235978,1,1
8,.527502820,1,1
9,.529753212,1,1
10,.523855560,1,1
11,.526888271,1,1
12,.517935548,1,1
13,.516867507,1,1
14,.521609581,1,1
15,.527350383,1,1
16,.519014770,1,1
17,.517634740,1,1
18,.527525685,1,1
19,.517806701,1,1
20,.526596595,1,1
21,.526106946,1,1
22,.527529166,1,1
23,.523227246,1,1
24,.521898925,1,1
25,.512127570,1,1
26,.518398284,1,1
27,.525641668,1,1
28,.525379039,1,1
29,.518266845,1,1
30,.526864910,1,1
