bdf_set_equal,campaign_id,config_mismatches,device_count,enum_wall_ns,identity_mismatches,iter,sysfs_device_count
True,control_campaign,0,6,48024637,0,1,6
True,control_campaign,0,6,48081607,0,2,6
True,control_campaign,0,6,47973337,0,3,6
True,control_campaign,0,6,48055567,0,4,6
True,control_campaign,0,6,47856777,0,5,6
True,control_campaign,0,6,47876437,0,6,6
True,control_campaign,0,6,48202646,0,7,6
True,control_campaign,0,6,48114447,0,8,6
True,control_campaign,0,6,48079227,0,9,6
True,control_campaign,0,6,47954677,0,10,6
True,control_campaign,0,6,48073647,0,11,6
True,control_campaign,0,6,48027969,0,12,6
True,control_campaign,0,6,47968708,0,13,6
True,control_campaign,0,6,47761968,0,14,6
True,control_campaign,0,6,47876858,0,15,6
True,control_campaign,0,6,47931038,0,16,6
True,control_campaign,0,6,48014989,0,17,6
True,control_campaign,0,6,47916069,0,18,6
True,control_campaign,0,6,47858469,0,19,6
True,control_campaign,0,6,47275277,0,20,6
True,control_campaign,0,6,44965796,0,21,6
True,control_campaign,0,6,46802837,0,22,6
True,control_campaign,0,6,47976949,0,23,6
True,control_campaign,0,6,47216278,0,24,6
True,control_campaign,0,6,47996299,0,25,6
True,control_campaign,0,6,48075418,0,26,6
True,control_campaign,0,6,48007998,0,27,6
True,control_campaign,0,6,47871828,0,28,6
True,control_campaign,0,6,48101529,0,29,6
True,control_campaign,0,6,47913998,0,30,6
