bdf,campaign_id,class,config_match,device,driver_bound,identity_match,iter,subclass,sysfs_driver_name,vendor
0000:00:00.0,control_campaign,06,True,1237,False,True,1,00,,8086
0000:00:01.0,control_campaign,06,True,7110,False,True,1,01,,8086
0000:00:01.3,control_campaign,06,True,7113,False,True,1,80,,8086
0000:00:03.0,control_campaign,00,True,1004,True,True,1,00,virtio-pci,1af4
0000:00:04.0,control_campaign,02,True,1000,True,True,1,00,virtio-pci,1af4
0000:00:05.0,control_campaign,00,True,1005,True,True,1,ff,virtio-pci,1af4
0000:00:00.0,control_campaign,06,True,1237,False,True,2,00,,8086
0000:00:01.0,control_campaign,06,True,7110,False,True,2,01,,8086
0000:00:01.3,control_campaign,06,True,7113,False,True,2,80,,8086
0000:00:03.0,control_campaign,00,True,1004,True,True,2,00,virtio-pci,1af4
0000:00:04.0,control_campaign,02,True,1000,True,True,2,00,virtio-pci,1af4
0000:00:05.0,control_campaign,00,True,1005,True,True,2,ff,virtio-pci,1af4
0000:00:00.0,control_campaign,06,True,1237,False,True,3,00,,8086
0000:00:01.0,control_campaign,06,True,7110,False,True,3,01,,8086
0000:00:01.3,control_campaign,06,True,7113,False,True,3,80,,8086
0000:00:03.0,control_campaign,00,True,1004,True,True,3,00,virtio-pci,1af4
0000:00:04.0,control_campaign,02,True,1000,True,True,3,00,virtio-pci,1af4
0000:00:05.0,control_campaign,00,True,1005,True,True,3,ff,virtio-pci,1af4
0000:00:00.0,control_campaign,06,True,1237,False,True,4,00,,8086
0000:00:01.0,control_campaign,06,True,7110,False,True,4,01,,8086
0000:00:01.3,control_campaign,06,True,7113,False,True,4,80,,8086
0000:00:03.0,control_campaign,00,True,1004,True,True,4,00,virtio-pci,1af4
0000:00:04.0,control_campaign,02,True,1000,True,True,4,00,virtio-pci,1af4
0000:00:05.0,control_campaign,00,True,1005,True,True,4,ff,virtio-pci,1af4
0000:00:00.0,control_campaign,06,True,1237,False,True,5,00,,8086
0000:00:01.0,control_campaign,06,True,7110,False,True,5,01,,8086
0000:00:01.3,control_campaign,06,True,7113,False,True,5,80,,8086
0000:00:03.0,control_campaign,00,True,1004,True,True,5,00,virtio-pci,1af4
0000:00:04.0,control_campaign,02,True,1000,True,True,5,00,virtio-pci,1af4
0000:00:05.0,control_campaign,00,True,1005,True,True,5,ff,virtio-pci,1af4
0000:00:00.0,control_campaign,06,True,1237,False,True,6,00,,8086
0000:00:01.0,control_campaign,06,True,7110,False,True,6,01,,8086
0000:00:01.3,control_campaign,06,True,7113,False,True,6,80,,8086
0000:00:03.0,control_campaign,00,True,1004,True,True,6,00,virtio-pci,1af4
0000:00:04.0,control_campaign,02,True,1000,True,True,6,00,virtio-pci,1af4
0000:00:05.0,control_campaign,00,True,1005,True,True,6,ff,virtio-pci,1af4
0000:00:00.0,control_campaign,06,True,1237,False,True,7,00,,8086
0000:00:01.0,control_campaign,06,True,7110,False,True,7,01,,8086
0000:00:01.3,control_campaign,06,True,7113,False,True,7,80,,8086
0000:00:03.0,control_campaign,00,True,1004,True,True,7,00,virtio-pci,1af4
0000:00:04.0,control_campaign,02,True,1000,True,True,7,00,virtio-pci,1af4
0000:00:05.0,control_campaign,00,True,1005,True,True,7,ff,virtio-pci,1af4
0000:00:00.0,control_campaign,06,True,1237,False,True,8,00,,8086
0000:00:01.0,control_campaign,06,True,7110,False,True,8,01,,8086
0000:00:01.3,control_campaign,06,True,7113,False,True,8,80,,8086
0000:00:03.0,control_campaign,00,True,1004,True,True,8,00,virtio-pci,1af4
0000:00:04.0,control_campaign,02,True,1000,True,True,8,00,virtio-pci,1af4
0000:00:05.0,control_campaign,00,True,1005,True,True,8,ff,virtio-pci,1af4
0000:00:00.0,control_campaign,06,True,1237,False,True,9,00,,8086
0000:00:01.0,control_campaign,06,True,7110,False,True,9,01,,8086
0000:00:01.3,control_campaign,06,True,7113,False,True,9,80,,8086
0000:00:03.0,control_campaign,00,True,1004,True,True,9,00,virtio-pci,1af4
0000:00:04.0,control_campaign,02,True,1000,True,True,9,00,virtio-pci,1af4
0000:00:05.0,control_campaign,00,True,1005,True,True,9,ff,virtio-pci,1af4
0000:00:00.0,control_campaign,06,True,1237,False,True,10,00,,8086
0000:00:01.0,control_campaign,06,True,7110,False,True,10,01,,8086
0000:00:01.3,control_campaign,06,True,7113,False,True,10,80,,8086
0000:00:03.0,control_campaign,00,True,1004,True,True,10,00,virtio-pci,1af4
0000:00:04.0,control_campaign,02,True,1000,True,True,10,00,virtio-pci,1af4
0000:00:05.0,control_campaign,00,True,1005,True,True,10,ff,virtio-pci,1af4
0000:00:00.0,control_campaign,06,True,1237,False,True,11,00,,8086
0000:00:01.0,control_campaign,06,True,7110,False,True,11,01,,8086
0000:00:01.3,control_campaign,06,True,7113,False,True,11,80,,8086
0000:00:03.0,control_campaign,00,True,1004,True,True,11,00,virtio-pci,1af4
0000:00:04.0,control_campaign,02,True,1000,True,True,11,00,virtio-pci,1af4
0000:00:05.0,control_campaign,00,True,1005,True,True,11,ff,virtio-pci,1af4
0000:00:00.0,control_campaign,06,True,1237,False,True,12,00,,8086
0000:00:01.0,control_campaign,06,True,7110,False,True,12,01,,8086
0000:00:01.3,control_campaign,06,True,7113,False,True,12,80,,8086
0000:00:03.0,control_campaign,00,True,1004,True,True,12,00,virtio-pci,1af4
0000:00:04.0,control_campaign,02,True,1000,True,True,12,00,virtio-pci,1af4
0000:00:05.0,control_campaign,00,True,1005,True,True,12,ff,virtio-pci,1af4
0000:00:00.0,control_campaign,06,True,1237,False,True,13,00,,8086
0000:00:01.0,control_campaign,06,True,7110,False,True,13,01,,8086
0000:00:01.3,control_campaign,06,True,7113,False,True,13,80,,8086
0000:00:03.0,control_campaign,00,True,1004,True,True,13,00,virtio-pci,1af4
0000:00:04.0,control_campaign,02,True,1000,True,True,13,00,virtio-pci,1af4
0000:00:05.0,control_campaign,00,True,1005,True,True,13,ff,virtio-pci,1af4
0000:00:00.0,control_campaign,06,True,1237,False,True,14,00,,8086
0000:00:01.0,control_campaign,06,True,7110,False,True,14,01,,8086
0000:00:01.3,control_campaign,06,True,7113,False,True,14,80,,8086
0000:00:03.0,control_campaign,00,True,1004,True,True,14,00,virtio-pci,1af4
0000:00:04.0,control_campaign,02,True,1000,True,True,14,00,virtio-pci,1af4
0000:00:05.0,control_campaign,00,True,1005,True,True,14,ff,virtio-pci,1af4
0000:00:00.0,control_campaign,06,True,1237,False,True,15,00,,8086
0000:00:01.0,control_campaign,06,True,7110,False,True,15,01,,8086
0000:00:01.3,control_campaign,06,True,7113,False,True,15,80,,8086
0000:00:03.0,control_campaign,00,True,1004,True,True,15,00,virtio-pci,1af4
0000:00:04.0,control_campaign,02,True,1000,True,True,15,00,virtio-pci,1af4
0000:00:05.0,control_campaign,00,True,1005,True,True,15,ff,virtio-pci,1af4
0000:00:00.0,control_campaign,06,True,1237,False,True,16,00,,8086
0000:00:01.0,control_campaign,06,True,7110,False,True,16,01,,8086
0000:00:01.3,control_campaign,06,True,7113,False,True,16,80,,8086
0000:00:03.0,control_campaign,00,True,1004,True,True,16,00,virtio-pci,1af4
0000:00:04.0,control_campaign,02,True,1000,True,True,16,00,virtio-pci,1af4
0000:00:05.0,control_campaign,00,True,1005,True,True,16,ff,virtio-pci,1af4
0000:00:00.0,control_campaign,06,True,1237,False,True,17,00,,8086
0000:00:01.0,control_campaign,06,True,7110,False,True,17,01,,8086
0000:00:01.3,control_campaign,06,True,7113,False,True,17,80,,8086
0000:00:03.0,control_campaign,00,True,1004,True,True,17,00,virtio-pci,1af4
0000:00:04.0,control_campaign,02,True,1000,True,True,17,00,virtio-pci,1af4
0000:00:05.0,control_campaign,00,True,1005,True,True,17,ff,virtio-pci,1af4
0000:00:00.0,control_campaign,06,True,1237,False,True,18,00,,8086
0000:00:01.0,control_campaign,06,True,7110,False,True,18,01,,8086
0000:00:01.3,control_campaign,06,True,7113,False,True,18,80,,8086
0000:00:03.0,control_campaign,00,True,1004,True,True,18,00,virtio-pci,1af4
0000:00:04.0,control_campaign,02,True,1000,True,True,18,00,virtio-pci,1af4
0000:00:05.0,control_campaign,00,True,1005,True,True,18,ff,virtio-pci,1af4
0000:00:00.0,control_campaign,06,True,1237,False,True,19,00,,8086
0000:00:01.0,control_campaign,06,True,7110,False,True,19,01,,8086
0000:00:01.3,control_campaign,06,True,7113,False,True,19,80,,8086
0000:00:03.0,control_campaign,00,True,1004,True,True,19,00,virtio-pci,1af4
0000:00:04.0,control_campaign,02,True,1000,True,True,19,00,virtio-pci,1af4
0000:00:05.0,control_campaign,00,True,1005,True,True,19,ff,virtio-pci,1af4
0000:00:00.0,control_campaign,06,True,1237,False,True,20,00,,8086
0000:00:01.0,control_campaign,06,True,7110,False,True,20,01,,8086
0000:00:01.3,control_campaign,06,True,7113,False,True,20,80,,8086
0000:00:03.0,control_campaign,00,True,1004,True,True,20,00,virtio-pci,1af4
0000:00:04.0,control_campaign,02,True,1000,True,True,20,00,virtio-pci,1af4
0000:00:05.0,control_campaign,00,True,1005,True,True,20,ff,virtio-pci,1af4
0000:00:00.0,control_campaign,06,True,1237,False,True,21,00,,8086
0000:00:01.0,control_campaign,06,True,7110,False,True,21,01,,8086
0000:00:01.3,control_campaign,06,True,7113,False,True,21,80,,8086
0000:00:03.0,control_campaign,00,True,1004,True,True,21,00,virtio-pci,1af4
0000:00:04.0,control_campaign,02,True,1000,True,True,21,00,virtio-pci,1af4
0000:00:05.0,control_campaign,00,True,1005,True,True,21,ff,virtio-pci,1af4
0000:00:00.0,control_campaign,06,True,1237,False,True,22,00,,8086
0000:00:01.0,control_campaign,06,True,7110,False,True,22,01,,8086
0000:00:01.3,control_campaign,06,True,7113,False,True,22,80,,8086
0000:00:03.0,control_campaign,00,True,1004,True,True,22,00,virtio-pci,1af4
0000:00:04.0,control_campaign,02,True,1000,True,True,22,00,virtio-pci,1af4
0000:00:05.0,control_campaign,00,True,1005,True,True,22,ff,virtio-pci,1af4
0000:00:00.0,control_campaign,06,True,1237,False,True,23,00,,8086
0000:00:01.0,control_campaign,06,True,7110,False,True,23,01,,8086
0000:00:01.3,control_campaign,06,True,7113,False,True,23,80,,8086
0000:00:03.0,control_campaign,00,True,1004,True,True,23,00,virtio-pci,1af4
0000:00:04.0,control_campaign,02,True,1000,True,True,23,00,virtio-pci,1af4
0000:00:05.0,control_campaign,00,True,1005,True,True,23,ff,virtio-pci,1af4
0000:00:00.0,control_campaign,06,True,1237,False,True,24,00,,8086
0000:00:01.0,control_campaign,06,True,7110,False,True,24,01,,8086
0000:00:01.3,control_campaign,06,True,7113,False,True,24,80,,8086
0000:00:03.0,control_campaign,00,True,1004,True,True,24,00,virtio-pci,1af4
0000:00:04.0,control_campaign,02,True,1000,True,True,24,00,virtio-pci,1af4
0000:00:05.0,control_campaign,00,True,1005,True,True,24,ff,virtio-pci,1af4
0000:00:00.0,control_campaign,06,True,1237,False,True,25,00,,8086
0000:00:01.0,control_campaign,06,True,7110,False,True,25,01,,8086
0000:00:01.3,control_campaign,06,True,7113,False,True,25,80,,8086
0000:00:03.0,control_campaign,00,True,1004,True,True,25,00,virtio-pci,1af4
0000:00:04.0,control_campaign,02,True,1000,True,True,25,00,virtio-pci,1af4
0000:00:05.0,control_campaign,00,True,1005,True,True,25,ff,virtio-pci,1af4
0000:00:00.0,control_campaign,06,True,1237,False,True,26,00,,8086
0000:00:01.0,control_campaign,06,True,7110,False,True,26,01,,8086
0000:00:01.3,control_campaign,06,True,7113,False,True,26,80,,8086
0000:00:03.0,control_campaign,00,True,1004,True,True,26,00,virtio-pci,1af4
0000:00:04.0,control_campaign,02,True,1000,True,True,26,00,virtio-pci,1af4
0000:00:05.0,control_campaign,00,True,1005,True,True,26,ff,virtio-pci,1af4
0000:00:00.0,control_campaign,06,True,1237,False,True,27,00,,8086
0000:00:01.0,control_campaign,06,True,7110,False,True,27,01,,8086
0000:00:01.3,control_campaign,06,True,7113,False,True,27,80,,8086
0000:00:03.0,control_campaign,00,True,1004,True,True,27,00,virtio-pci,1af4
0000:00:04.0,control_campaign,02,True,1000,True,True,27,00,virtio-pci,1af4
0000:00:05.0,control_campaign,00,True,1005,True,True,27,ff,virtio-pci,1af4
0000:00:00.0,control_campaign,06,True,1237,False,True,28,00,,8086
0000:00:01.0,control_campaign,06,True,7110,False,True,28,01,,8086
0000:00:01.3,control_campaign,06,True,7113,False,True,28,80,,8086
0000:00:03.0,control_campaign,00,True,1004,True,True,28,00,virtio-pci,1af4
0000:00:04.0,control_campaign,02,True,1000,True,True,28,00,virtio-pci,1af4
0000:00:05.0,control_campaign,00,True,1005,True,True,28,ff,virtio-pci,1af4
0000:00:00.0,control_campaign,06,True,1237,False,True,29,00,,8086
0000:00:01.0,control_campaign,06,True,7110,False,True,29,01,,8086
0000:00:01.3,control_campaign,06,True,7113,False,True,29,80,,8086
0000:00:03.0,control_campaign,00,True,1004,True,True,29,00,virtio-pci,1af4
0000:00:04.0,control_campaign,02,True,1000,True,True,29,00,virtio-pci,1af4
0000:00:05.0,control_campaign,00,True,1005,True,True,29,ff,virtio-pci,1af4
0000:00:00.0,control_campaign,06,True,1237,False,True,30,00,,8086
0000:00:01.0,control_campaign,06,True,7110,False,True,30,01,,8086
0000:00:01.3,control_campaign,06,True,7113,False,True,30,80,,8086
0000:00:03.0,control_campaign,00,True,1004,True,True,30,00,virtio-pci,1af4
0000:00:04.0,control_campaign,02,True,1000,True,True,30,00,virtio-pci,1af4
0000:00:05.0,control_campaign,00,True,1005,True,True,30,ff,virtio-pci,1af4
