workload,syscall,total_count_across_runs,in_every_run
device_enum,rt_sigprocmask,119144,True
device_enum,newfstatat,39380,True
device_enum,futex,35171,True
device_enum,read,23858,True
device_enum,close,14521,True
device_enum,openat,14162,True
device_enum,lseek,11310,True
device_enum,gettid,10401,True
device_enum,mmap,7795,True
device_enum,poll,7139,True
device_enum,ioctl,6460,True
device_enum,write,5356,True
device_enum,prctl,5309,True
device_enum,getdents64,4600,True
device_enum,epoll_pwait2,4439,True
device_enum,madvise,4025,True
device_enum,mprotect,3111,True
device_enum,munmap,2676,True
device_enum,sigaltstack,2662,True
device_enum,rseq,2563,True
device_enum,set_robust_list,2543,True
device_enum,clone3,2533,True
device_enum,timer_create,1773,True
device_enum,timer_settime,1773,True
device_enum,fcntl,1720,True
device_enum,exit,1619,True
device_enum,getsockopt,1385,True
device_enum,epoll_wait,1222,True
device_enum,rt_sigaction,890,True
device_enum,timer_delete,889,True
device_enum,pread64,830,True
device_enum,setsockopt,740,True
device_enum,stat,720,True
device_enum,getsockname,685,True
device_enum,socket,610,True
device_enum,eventfd2,590,True
device_enum,access,580,True
device_enum,epoll_ctl,514,True
device_enum,recvmsg,509,True
device_enum,dup,490,True
device_enum,sched_getaffinity,482,True
device_enum,mincore,433,True
device_enum,connect,430,True
device_enum,brk,428,True
device_enum,fstat,410,True
device_enum,getpid,390,True
device_enum,uname,310,True
device_enum,mbind,240,True
device_enum,clock_nanosleep,222,True
device_enum,sendto,220,True
device_enum,recvfrom,190,True
device_enum,getrandom,160,True
device_enum,readlink,150,True
device_enum,sendmsg,105,True
device_enum,epoll_create1,90,True
device_enum,lstat,90,True
device_enum,bind,70,True
device_enum,getuid,60,True
device_enum,getcwd,60,True
device_enum,pipe2,50,True
device_enum,geteuid,50,True
device_enum,prlimit64,40,True
device_enum,listen,40,True
device_enum,unlink,30,True
device_enum,shutdown,25,True
device_enum,arch_prctl,20,True
device_enum,getegid,20,True
device_enum,symlink,20,True
device_enum,setitimer,20,True
device_enum,sched_getparam,20,True
device_enum,sched_getscheduler,20,True
device_enum,pwrite64,20,True
device_enum,execve,10,True
device_enum,set_tid_address,10,True
device_enum,sysinfo,10,True
device_enum,getgid,10,True
device_enum,memfd_create,10,True
device_enum,open,10,True
device_enum,mkdir,10,True
device_enum,membarrier,10,True
device_enum,getitimer,10,True
device_enum,mlock,10,True
device_enum,accept4,10,False
device_enum,sendmmsg,10,True
device_enum,exit_group,10,True
matmul_512x512,rt_sigprocmask,318416,True
matmul_512x512,futex,47873,True
matmul_512x512,newfstatat,39760,True
matmul_512x512,read,25575,True
matmul_512x512,gettid,21674,True
matmul_512x512,close,15248,True
matmul_512x512,openat,14890,True
matmul_512x512,lseek,11410,True
matmul_512x512,mmap,8811,True
matmul_512x512,poll,7389,True
matmul_512x512,write,6613,True
matmul_512x512,ioctl,6610,True
matmul_512x512,prctl,6473,True
matmul_512x512,madvise,4788,True
matmul_512x512,epoll_pwait2,4757,True
matmul_512x512,getdents64,4620,True
matmul_512x512,mprotect,3614,True
matmul_512x512,sigaltstack,3008,True
matmul_512x512,rseq,3001,True
matmul_512x512,set_robust_list,2981,True
matmul_512x512,clone3,2971,True
matmul_512x512,munmap,2967,True
matmul_512x512,pread64,2410,True
matmul_512x512,timer_create,2091,True
matmul_512x512,timer_settime,2091,True
matmul_512x512,exit,1767,True
matmul_512x512,fcntl,1732,True
matmul_512x512,getsockopt,1416,True
matmul_512x512,mincore,1394,True
matmul_512x512,timer_delete,917,True
matmul_512x512,rt_sigaction,890,True
matmul_512x512,epoll_wait,876,True
matmul_512x512,brk,752,True
matmul_512x512,setsockopt,745,True
matmul_512x512,stat,720,True
matmul_512x512,sched_getaffinity,708,True
matmul_512x512,getsockname,695,True
matmul_512x512,fstat,680,True
matmul_512x512,socket,611,True
matmul_512x512,eventfd2,590,True
matmul_512x512,access,580,True
matmul_512x512,recvmsg,548,True
matmul_512x512,epoll_ctl,516,True
matmul_512x512,dup,490,True
matmul_512x512,connect,430,True
matmul_512x512,clock_nanosleep,427,True
matmul_512x512,getpid,400,True
matmul_512x512,uname,310,True
matmul_512x512,mbind,240,True
matmul_512x512,sendto,220,True
matmul_512x512,recvfrom,190,True
matmul_512x512,getrandom,160,True
matmul_512x512,readlink,150,True
matmul_512x512,sendmsg,131,True
matmul_512x512,epoll_create1,90,True
matmul_512x512,lstat,90,True
matmul_512x512,bind,71,True
matmul_512x512,getuid,60,True
matmul_512x512,getcwd,60,True
matmul_512x512,pipe2,50,True
matmul_512x512,geteuid,50,True
matmul_512x512,prlimit64,40,True
matmul_512x512,listen,40,True
matmul_512x512,unlink,30,True
matmul_512x512,shutdown,27,True
matmul_512x512,arch_prctl,20,True
matmul_512x512,getegid,20,True
matmul_512x512,symlink,20,True
matmul_512x512,setitimer,20,True
matmul_512x512,sched_getparam,20,True
matmul_512x512,sched_getscheduler,20,True
matmul_512x512,pwrite64,20,True
matmul_512x512,sched_yield,19,False
matmul_512x512,accept4,14,False
matmul_512x512,execve,10,True
matmul_512x512,set_tid_address,10,True
matmul_512x512,sysinfo,10,True
matmul_512x512,getgid,10,True
matmul_512x512,memfd_create,10,True
matmul_512x512,open,10,True
matmul_512x512,mkdir,10,True
matmul_512x512,membarrier,10,True
matmul_512x512,getitimer,10,True
matmul_512x512,mlock,10,True
matmul_512x512,sendmmsg,10,True
matmul_512x512,exit_group,10,True
