workload,run,seq,pid,syscall,layer,verdict
device_enum,1,2220,4093,mbind,classifier,Rollback
device_enum,1,2221,4093,mmap,classifier,Rollback
device_enum,1,2222,4093,mbind,classifier,Rollback
device_enum,1,2223,4093,mmap,classifier,Rollback
device_enum,1,2224,4093,mbind,classifier,BlockKill
device_enum,1,2225,4093,mmap,classifier,BlockKill
device_enum,1,2226,4093,mbind,classifier,BlockKill
device_enum,1,2227,4093,mmap,classifier,BlockKill
device_enum,1,2228,4093,mbind,classifier,BlockKill
device_enum,1,2229,4093,mmap,classifier,BlockKill
device_enum,1,2230,4093,mbind,classifier,BlockKill
device_enum,1,2231,4093,mmap,classifier,BlockKill
device_enum,1,2232,4093,mbind,classifier,BlockKill
device_enum,1,2233,4093,mmap,classifier,BlockKill
device_enum,1,2234,4093,mbind,classifier,BlockKill
device_enum,1,2235,4093,mmap,classifier,BlockKill
device_enum,1,2236,4093,mbind,classifier,BlockKill
device_enum,1,2237,4093,mmap,classifier,BlockKill
device_enum,1,2238,4093,mbind,classifier,BlockKill
device_enum,1,2239,4093,mmap,classifier,BlockKill
device_enum,1,2240,4093,mbind,classifier,BlockKill
device_enum,1,2241,4093,mmap,classifier,BlockKill
device_enum,1,2242,4093,mbind,classifier,BlockKill
device_enum,1,2243,4093,mmap,classifier,BlockKill
device_enum,1,2244,4093,mbind,classifier,BlockKill
device_enum,1,2245,4093,mmap,classifier,BlockKill
device_enum,1,2246,4093,mbind,classifier,BlockKill
device_enum,1,2247,4093,mmap,classifier,BlockKill
device_enum,1,2248,4093,mbind,classifier,BlockKill
device_enum,1,2249,4093,mmap,classifier,BlockKill
device_enum,1,2250,4093,mbind,classifier,BlockKill
device_enum,1,2251,4093,mmap,classifier,BlockKill
device_enum,1,2252,4093,mbind,classifier,BlockKill
device_enum,1,2253,4093,mmap,classifier,BlockKill
device_enum,1,2254,4093,mbind,classifier,BlockKill
device_enum,1,2255,4093,mmap,classifier,BlockKill
device_enum,1,2256,4093,mbind,classifier,BlockKill
device_enum,1,2257,4093,rt_sigaction,classifier,Rollback
device_enum,1,2258,4093,rt_sigprocmask,classifier,InspectDeep
device_enum,1,2259,4093,mmap,classifier,InspectDeep
device_enum,1,2260,4093,mprotect,classifier,InspectDeep
device_enum,1,2261,4093,rt_sigprocmask,classifier,InspectDeep
device_enum,1,11750,4093,memfd_create,firewall,InspectDeep
device_enum,2,11760,4377,memfd_create,firewall,InspectDeep
device_enum,3,2220,4634,mbind,classifier,Rollback
device_enum,3,2221,4634,mmap,classifier,Rollback
device_enum,3,2222,4634,mbind,classifier,Rollback
device_enum,3,2223,4634,mmap,classifier,Rollback
device_enum,3,2224,4634,mbind,classifier,BlockKill
device_enum,3,2225,4634,mmap,classifier,BlockKill
device_enum,3,2226,4634,mbind,classifier,BlockKill
device_enum,3,2227,4634,mmap,classifier,BlockKill
device_enum,3,2228,4634,mbind,classifier,BlockKill
device_enum,3,2229,4634,mmap,classifier,BlockKill
device_enum,3,2230,4634,mbind,classifier,BlockKill
device_enum,3,2231,4634,mmap,classifier,BlockKill
device_enum,3,2232,4634,mbind,classifier,BlockKill
device_enum,3,2233,4634,mmap,classifier,BlockKill
device_enum,3,2234,4634,mbind,classifier,BlockKill
device_enum,3,2235,4634,mmap,classifier,BlockKill
device_enum,3,2236,4634,mbind,classifier,BlockKill
device_enum,3,2237,4634,mmap,classifier,BlockKill
device_enum,3,2238,4634,mbind,classifier,BlockKill
device_enum,3,2239,4634,mmap,classifier,BlockKill
device_enum,3,2240,4634,mbind,classifier,BlockKill
device_enum,3,2241,4634,mmap,classifier,BlockKill
device_enum,3,2242,4634,mbind,classifier,BlockKill
device_enum,3,2243,4634,mmap,classifier,BlockKill
device_enum,3,2244,4634,mbind,classifier,BlockKill
device_enum,3,2245,4634,mmap,classifier,BlockKill
device_enum,3,2246,4634,mbind,classifier,BlockKill
device_enum,3,2247,4634,mmap,classifier,BlockKill
device_enum,3,2248,4634,mbind,classifier,BlockKill
device_enum,3,2249,4634,mmap,classifier,BlockKill
device_enum,3,2250,4634,mbind,classifier,BlockKill
device_enum,3,2251,4634,mmap,classifier,BlockKill
device_enum,3,2252,4634,mbind,classifier,BlockKill
device_enum,3,2253,4634,mmap,classifier,BlockKill
device_enum,3,2254,4634,mbind,classifier,BlockKill
device_enum,3,2255,4634,mmap,classifier,BlockKill
device_enum,3,2256,4634,mbind,classifier,BlockKill
device_enum,3,2257,4634,rt_sigaction,classifier,Rollback
device_enum,3,2258,4634,rt_sigprocmask,classifier,InspectDeep
device_enum,3,2259,4634,mmap,classifier,InspectDeep
device_enum,3,2260,4634,mprotect,classifier,InspectDeep
device_enum,3,2261,4634,rt_sigprocmask,classifier,InspectDeep
device_enum,3,11710,4634,memfd_create,firewall,InspectDeep
device_enum,4,2220,4897,mbind,classifier,InspectDeep
device_enum,4,2221,4897,mmap,classifier,InspectDeep
device_enum,4,2222,4897,mbind,classifier,Rollback
device_enum,4,2223,4897,mmap,classifier,Rollback
device_enum,4,2224,4897,mbind,classifier,Rollback
device_enum,4,2225,4897,mmap,classifier,Rollback
device_enum,4,2226,4897,mbind,classifier,BlockKill
device_enum,4,2227,4897,mmap,classifier,BlockKill
device_enum,4,2228,4897,mbind,classifier,BlockKill
device_enum,4,2229,4897,mmap,classifier,BlockKill
device_enum,4,2230,4897,mbind,classifier,BlockKill
device_enum,4,2231,4897,mmap,classifier,BlockKill
device_enum,4,2232,4897,mbind,classifier,BlockKill
device_enum,4,2233,4897,mmap,classifier,BlockKill
device_enum,4,2234,4897,mbind,classifier,BlockKill
device_enum,4,2235,4897,mmap,classifier,BlockKill
device_enum,4,2236,4897,mbind,classifier,BlockKill
device_enum,4,2237,4897,mmap,classifier,BlockKill
device_enum,4,2238,4897,mbind,classifier,BlockKill
device_enum,4,2239,4897,mmap,classifier,BlockKill
device_enum,4,2240,4897,mbind,classifier,BlockKill
device_enum,4,2241,4897,mmap,classifier,BlockKill
device_enum,4,2242,4897,mbind,classifier,BlockKill
device_enum,4,2243,4897,mmap,classifier,BlockKill
device_enum,4,2244,4897,mbind,classifier,BlockKill
device_enum,4,2245,4897,mmap,classifier,BlockKill
device_enum,4,2246,4897,mbind,classifier,BlockKill
device_enum,4,2247,4897,mmap,classifier,BlockKill
device_enum,4,2248,4897,mbind,classifier,BlockKill
device_enum,4,2249,4897,mmap,classifier,BlockKill
device_enum,4,2250,4897,mbind,classifier,BlockKill
device_enum,4,2251,4897,mmap,classifier,BlockKill
device_enum,4,2252,4897,mbind,classifier,BlockKill
device_enum,4,2253,4897,mmap,classifier,BlockKill
device_enum,4,2254,4897,mbind,classifier,BlockKill
device_enum,4,2255,4897,mmap,classifier,BlockKill
device_enum,4,2256,4897,mbind,classifier,BlockKill
device_enum,4,2257,4897,mmap,classifier,BlockKill
device_enum,4,2258,4897,mbind,classifier,BlockKill
device_enum,4,2259,4897,rt_sigaction,classifier,Rollback
device_enum,4,2260,4897,rt_sigprocmask,classifier,Rollback
device_enum,4,2261,4897,mmap,classifier,Rollback
device_enum,4,2262,4897,mprotect,classifier,InspectDeep
device_enum,4,2263,4897,rt_sigprocmask,classifier,InspectDeep
device_enum,4,11756,4897,memfd_create,firewall,InspectDeep
device_enum,5,2220,5157,mbind,classifier,Rollback
device_enum,5,2221,5157,mmap,classifier,Rollback
device_enum,5,2222,5157,mbind,classifier,Rollback
device_enum,5,2223,5157,mmap,classifier,Rollback
device_enum,5,2224,5157,mbind,classifier,BlockKill
device_enum,5,2225,5157,mmap,classifier,BlockKill
device_enum,5,2226,5157,mbind,classifier,BlockKill
device_enum,5,2227,5157,mmap,classifier,BlockKill
device_enum,5,2228,5157,mbind,classifier,BlockKill
device_enum,5,2229,5157,mmap,classifier,BlockKill
device_enum,5,2230,5157,mbind,classifier,BlockKill
device_enum,5,2231,5157,mmap,classifier,BlockKill
device_enum,5,2232,5157,mbind,classifier,BlockKill
device_enum,5,2233,5157,mmap,classifier,BlockKill
device_enum,5,2234,5157,mbind,classifier,BlockKill
device_enum,5,2235,5157,mmap,classifier,BlockKill
device_enum,5,2236,5157,mbind,classifier,BlockKill
device_enum,5,2237,5157,mmap,classifier,BlockKill
device_enum,5,2238,5157,mbind,classifier,BlockKill
device_enum,5,2239,5157,mmap,classifier,BlockKill
device_enum,5,2240,5157,mbind,classifier,BlockKill
device_enum,5,2241,5157,mmap,classifier,BlockKill
device_enum,5,2242,5157,mbind,classifier,BlockKill
device_enum,5,2243,5157,mmap,classifier,BlockKill
device_enum,5,2244,5157,mbind,classifier,BlockKill
device_enum,5,2245,5157,mmap,classifier,BlockKill
device_enum,5,2246,5157,mbind,classifier,BlockKill
device_enum,5,2247,5157,mmap,classifier,BlockKill
device_enum,5,2248,5157,mbind,classifier,BlockKill
device_enum,5,2249,5157,mmap,classifier,BlockKill
device_enum,5,2250,5157,mbind,classifier,BlockKill
device_enum,5,2251,5157,mmap,classifier,BlockKill
device_enum,5,2252,5157,mbind,classifier,BlockKill
device_enum,5,2253,5157,mmap,classifier,BlockKill
device_enum,5,2254,5157,mbind,classifier,BlockKill
device_enum,5,2255,5157,mmap,classifier,BlockKill
device_enum,5,2256,5157,mbind,classifier,BlockKill
device_enum,5,2257,5157,rt_sigaction,classifier,Rollback
device_enum,5,2258,5157,rt_sigprocmask,classifier,InspectDeep
device_enum,5,2259,5157,mmap,classifier,InspectDeep
device_enum,5,2260,5157,mprotect,classifier,InspectDeep
device_enum,5,2261,5157,rt_sigprocmask,classifier,InspectDeep
device_enum,5,11752,5157,memfd_create,firewall,InspectDeep
device_enum,6,2220,5420,mbind,classifier,InspectDeep
device_enum,6,2221,5420,mmap,classifier,InspectDeep
device_enum,6,2222,5420,mbind,classifier,Rollback
device_enum,6,2223,5420,mmap,classifier,Rollback
device_enum,6,2224,5420,mbind,classifier,Rollback
device_enum,6,2225,5420,mmap,classifier,Rollback
device_enum,6,2226,5420,mbind,classifier,BlockKill
device_enum,6,2227,5420,mmap,classifier,BlockKill
device_enum,6,2228,5420,mbind,classifier,BlockKill
device_enum,6,2229,5420,mmap,classifier,BlockKill
device_enum,6,2230,5420,mbind,classifier,BlockKill
device_enum,6,2231,5420,mmap,classifier,BlockKill
device_enum,6,2232,5420,mbind,classifier,BlockKill
device_enum,6,2233,5420,mmap,classifier,BlockKill
device_enum,6,2234,5420,mbind,classifier,BlockKill
device_enum,6,2235,5420,mmap,classifier,BlockKill
device_enum,6,2236,5420,mbind,classifier,BlockKill
device_enum,6,2237,5420,mmap,classifier,BlockKill
device_enum,6,2238,5420,mbind,classifier,BlockKill
device_enum,6,2239,5420,mmap,classifier,BlockKill
device_enum,6,2240,5420,mbind,classifier,BlockKill
device_enum,6,2241,5420,mmap,classifier,BlockKill
device_enum,6,2242,5420,mbind,classifier,BlockKill
device_enum,6,2243,5420,mmap,classifier,BlockKill
device_enum,6,2244,5420,mbind,classifier,BlockKill
device_enum,6,2245,5420,mmap,classifier,BlockKill
device_enum,6,2246,5420,mbind,classifier,BlockKill
device_enum,6,2247,5420,mmap,classifier,BlockKill
device_enum,6,2248,5420,mbind,classifier,BlockKill
device_enum,6,2249,5420,mmap,classifier,BlockKill
device_enum,6,2250,5420,mbind,classifier,BlockKill
device_enum,6,2251,5420,mmap,classifier,BlockKill
device_enum,6,2252,5420,mbind,classifier,BlockKill
device_enum,6,2253,5420,mmap,classifier,BlockKill
device_enum,6,2254,5420,mbind,classifier,BlockKill
device_enum,6,2255,5420,mmap,classifier,BlockKill
device_enum,6,2256,5420,mbind,classifier,BlockKill
device_enum,6,2257,5420,mmap,classifier,BlockKill
device_enum,6,2258,5420,mbind,classifier,BlockKill
device_enum,6,2259,5420,rt_sigaction,classifier,Rollback
device_enum,6,2260,5420,rt_sigprocmask,classifier,Rollback
device_enum,6,2261,5420,mmap,classifier,Rollback
device_enum,6,2262,5420,mprotect,classifier,InspectDeep
device_enum,6,2263,5420,rt_sigprocmask,classifier,InspectDeep
device_enum,6,11755,5420,memfd_create,firewall,InspectDeep
device_enum,7,11741,5700,memfd_create,firewall,InspectDeep
device_enum,8,11755,5965,memfd_create,firewall,InspectDeep
device_enum,9,11759,6233,memfd_create,firewall,InspectDeep
device_enum,10,2220,6493,mbind,classifier,Rollback
device_enum,10,2221,6493,mmap,classifier,Rollback
device_enum,10,2222,6493,mbind,classifier,Rollback
device_enum,10,2223,6493,mmap,classifier,Rollback
device_enum,10,2224,6493,mbind,classifier,BlockKill
device_enum,10,2225,6493,mmap,classifier,BlockKill
device_enum,10,2226,6493,mbind,classifier,BlockKill
device_enum,10,2227,6493,mmap,classifier,BlockKill
device_enum,10,2228,6493,mbind,classifier,BlockKill
device_enum,10,2229,6493,mmap,classifier,BlockKill
device_enum,10,2230,6493,mbind,classifier,BlockKill
device_enum,10,2231,6493,mmap,classifier,BlockKill
device_enum,10,2232,6493,mbind,classifier,BlockKill
device_enum,10,2233,6493,mmap,classifier,BlockKill
device_enum,10,2234,6493,mbind,classifier,BlockKill
device_enum,10,2235,6493,mmap,classifier,BlockKill
device_enum,10,2236,6493,mbind,classifier,BlockKill
device_enum,10,2237,6493,mmap,classifier,BlockKill
device_enum,10,2238,6493,mbind,classifier,BlockKill
device_enum,10,2239,6493,mmap,classifier,BlockKill
device_enum,10,2240,6493,mbind,classifier,BlockKill
device_enum,10,2241,6493,mmap,classifier,BlockKill
device_enum,10,2242,6493,mbind,classifier,BlockKill
device_enum,10,2243,6493,mmap,classifier,BlockKill
device_enum,10,2244,6493,mbind,classifier,BlockKill
device_enum,10,2245,6493,mmap,classifier,BlockKill
device_enum,10,2246,6493,mbind,classifier,BlockKill
device_enum,10,2247,6493,mmap,classifier,BlockKill
device_enum,10,2248,6493,mbind,classifier,BlockKill
device_enum,10,2249,6493,mmap,classifier,BlockKill
device_enum,10,2250,6493,mbind,classifier,BlockKill
device_enum,10,2251,6493,mmap,classifier,BlockKill
device_enum,10,2252,6493,mbind,classifier,BlockKill
device_enum,10,2253,6493,mmap,classifier,BlockKill
device_enum,10,2254,6493,mbind,classifier,BlockKill
device_enum,10,2255,6493,mmap,classifier,BlockKill
device_enum,10,2256,6493,mbind,classifier,BlockKill
device_enum,10,2257,6493,rt_sigaction,classifier,Rollback
device_enum,10,2258,6493,rt_sigprocmask,classifier,InspectDeep
device_enum,10,2259,6493,mmap,classifier,InspectDeep
device_enum,10,2260,6493,mprotect,classifier,InspectDeep
device_enum,10,2261,6493,rt_sigprocmask,classifier,InspectDeep
device_enum,10,11752,6493,memfd_create,firewall,InspectDeep
matmul_512x512,1,11569,6758,memfd_create,firewall,InspectDeep
matmul_512x512,2,2220,7076,mbind,classifier,InspectDeep
matmul_512x512,2,2221,7076,mmap,classifier,InspectDeep
matmul_512x512,2,2222,7076,mbind,classifier,Rollback
matmul_512x512,2,2223,7076,mmap,classifier,Rollback
matmul_512x512,2,2224,7076,mbind,classifier,Rollback
matmul_512x512,2,2225,7076,mmap,classifier,Rollback
matmul_512x512,2,2226,7076,mbind,classifier,BlockKill
matmul_512x512,2,2227,7076,mmap,classifier,BlockKill
matmul_512x512,2,2228,7076,mbind,classifier,BlockKill
matmul_512x512,2,2229,7076,mmap,classifier,BlockKill
matmul_512x512,2,2230,7076,mbind,classifier,BlockKill
matmul_512x512,2,2231,7076,mmap,classifier,BlockKill
matmul_512x512,2,2232,7076,mbind,classifier,BlockKill
matmul_512x512,2,2233,7076,mmap,classifier,BlockKill
matmul_512x512,2,2234,7076,mbind,classifier,BlockKill
matmul_512x512,2,2235,7076,mmap,classifier,BlockKill
matmul_512x512,2,2236,7076,mbind,classifier,BlockKill
matmul_512x512,2,2237,7076,mmap,classifier,BlockKill
matmul_512x512,2,2238,7076,mbind,classifier,BlockKill
matmul_512x512,2,2239,7076,mmap,classifier,BlockKill
matmul_512x512,2,2240,7076,mbind,classifier,BlockKill
matmul_512x512,2,2241,7076,mmap,classifier,BlockKill
matmul_512x512,2,2242,7076,mbind,classifier,BlockKill
matmul_512x512,2,2243,7076,mmap,classifier,BlockKill
matmul_512x512,2,2244,7076,mbind,classifier,BlockKill
matmul_512x512,2,2245,7076,mmap,classifier,BlockKill
matmul_512x512,2,2246,7076,mbind,classifier,BlockKill
matmul_512x512,2,2247,7076,mmap,classifier,BlockKill
matmul_512x512,2,2248,7076,mbind,classifier,BlockKill
matmul_512x512,2,2249,7076,mmap,classifier,BlockKill
matmul_512x512,2,2250,7076,mbind,classifier,BlockKill
matmul_512x512,2,2251,7076,mmap,classifier,BlockKill
matmul_512x512,2,2252,7076,mbind,classifier,BlockKill
matmul_512x512,2,2253,7076,mmap,classifier,BlockKill
matmul_512x512,2,2254,7076,mbind,classifier,BlockKill
matmul_512x512,2,2255,7076,mmap,classifier,BlockKill
matmul_512x512,2,2256,7076,mbind,classifier,BlockKill
matmul_512x512,2,2257,7076,mmap,classifier,BlockKill
matmul_512x512,2,2258,7076,mbind,classifier,BlockKill
matmul_512x512,2,2259,7076,rt_sigaction,classifier,Rollback
matmul_512x512,2,2260,7076,rt_sigprocmask,classifier,Rollback
matmul_512x512,2,2261,7076,mmap,classifier,Rollback
matmul_512x512,2,2262,7076,mprotect,classifier,InspectDeep
matmul_512x512,2,2263,7076,rt_sigprocmask,classifier,InspectDeep
matmul_512x512,2,11714,7076,memfd_create,firewall,InspectDeep
matmul_512x512,2,41083,7105,epoll_wait,classifier,InspectDeep
matmul_512x512,2,41084,7105,futex,classifier,InspectDeep
matmul_512x512,2,41085,7105,epoll_wait,classifier,InspectDeep
matmul_512x512,2,41086,7105,futex,classifier,InspectDeep
matmul_512x512,2,41087,7105,epoll_wait,classifier,InspectDeep
matmul_512x512,2,41088,7105,futex,classifier,InspectDeep
matmul_512x512,2,41089,7105,epoll_wait,classifier,InspectDeep
matmul_512x512,2,41090,7105,futex,classifier,InspectDeep
matmul_512x512,2,41091,7105,epoll_wait,classifier,InspectDeep
matmul_512x512,2,41092,7105,futex,classifier,InspectDeep
matmul_512x512,2,41093,7105,epoll_wait,classifier,InspectDeep
matmul_512x512,2,41094,7105,futex,classifier,InspectDeep
matmul_512x512,2,41095,7105,epoll_wait,classifier,InspectDeep
matmul_512x512,2,41096,7105,futex,classifier,InspectDeep
matmul_512x512,2,41097,7105,epoll_wait,classifier,InspectDeep
matmul_512x512,2,41098,7105,futex,classifier,InspectDeep
matmul_512x512,2,41099,7105,epoll_wait,classifier,InspectDeep
matmul_512x512,2,41100,7105,futex,classifier,InspectDeep
matmul_512x512,2,41101,7105,epoll_wait,classifier,InspectDeep
matmul_512x512,2,41102,7105,futex,classifier,InspectDeep
matmul_512x512,2,41103,7105,epoll_wait,classifier,InspectDeep
matmul_512x512,2,41104,7105,futex,classifier,InspectDeep
matmul_512x512,2,41105,7105,epoll_wait,classifier,InspectDeep
matmul_512x512,2,41106,7105,futex,classifier,InspectDeep
matmul_512x512,2,41107,7105,epoll_wait,classifier,InspectDeep
matmul_512x512,2,41108,7105,futex,classifier,InspectDeep
matmul_512x512,2,41109,7105,epoll_wait,classifier,InspectDeep
matmul_512x512,2,41110,7105,futex,classifier,InspectDeep
matmul_512x512,2,41111,7105,epoll_wait,classifier,InspectDeep
matmul_512x512,2,41112,7105,futex,classifier,InspectDeep
matmul_512x512,2,41113,7105,epoll_wait,classifier,InspectDeep
matmul_512x512,2,41114,7105,futex,classifier,InspectDeep
matmul_512x512,2,41115,7105,epoll_wait,classifier,InspectDeep
matmul_512x512,2,41116,7105,futex,classifier,InspectDeep
matmul_512x512,2,41117,7105,epoll_wait,classifier,InspectDeep
matmul_512x512,2,41118,7105,futex,classifier,InspectDeep
matmul_512x512,2,41119,7105,epoll_wait,classifier,InspectDeep
matmul_512x512,2,41120,7105,futex,classifier,InspectDeep
matmul_512x512,2,41121,7105,epoll_wait,classifier,InspectDeep
matmul_512x512,2,41122,7105,futex,classifier,InspectDeep
matmul_512x512,2,41123,7105,epoll_wait,classifier,InspectDeep
matmul_512x512,2,41124,7105,futex,classifier,InspectDeep
matmul_512x512,2,41125,7105,epoll_wait,classifier,InspectDeep
matmul_512x512,2,41126,7105,futex,classifier,InspectDeep
matmul_512x512,2,41127,7105,epoll_wait,classifier,InspectDeep
matmul_512x512,2,41128,7105,futex,classifier,InspectDeep
matmul_512x512,2,41129,7105,epoll_wait,classifier,InspectDeep
matmul_512x512,2,41130,7105,futex,classifier,InspectDeep
matmul_512x512,2,41131,7105,epoll_wait,classifier,InspectDeep
matmul_512x512,2,41132,7105,futex,classifier,InspectDeep
matmul_512x512,2,41133,7105,epoll_wait,classifier,InspectDeep
matmul_512x512,2,41134,7105,epoll_wait,classifier,InspectDeep
matmul_512x512,2,41135,7105,futex,classifier,InspectDeep
matmul_512x512,2,41162,7105,futex,classifier,InspectDeep
matmul_512x512,2,41163,7105,epoll_wait,classifier,InspectDeep
matmul_512x512,2,41164,7105,futex,classifier,InspectDeep
matmul_512x512,2,41165,7105,epoll_wait,classifier,InspectDeep
matmul_512x512,2,41166,7105,futex,classifier,InspectDeep
matmul_512x512,2,41167,7105,epoll_wait,classifier,InspectDeep
matmul_512x512,2,41168,7105,futex,classifier,InspectDeep
matmul_512x512,2,41169,7105,epoll_wait,classifier,InspectDeep
matmul_512x512,2,41170,7105,futex,classifier,InspectDeep
matmul_512x512,2,41171,7105,epoll_wait,classifier,InspectDeep
matmul_512x512,2,41172,7105,futex,classifier,InspectDeep
matmul_512x512,2,41173,7105,epoll_wait,classifier,InspectDeep
matmul_512x512,2,41174,7105,futex,classifier,InspectDeep
matmul_512x512,2,41175,7105,epoll_wait,classifier,InspectDeep
matmul_512x512,2,41176,7105,futex,classifier,InspectDeep
matmul_512x512,2,41177,7105,epoll_wait,classifier,InspectDeep
matmul_512x512,2,41178,7105,futex,classifier,InspectDeep
matmul_512x512,2,41179,7105,epoll_wait,classifier,InspectDeep
matmul_512x512,2,41180,7105,futex,classifier,InspectDeep
matmul_512x512,2,41181,7105,epoll_wait,classifier,InspectDeep
matmul_512x512,2,41182,7105,futex,classifier,InspectDeep
matmul_512x512,2,41183,7105,epoll_wait,classifier,InspectDeep
matmul_512x512,2,41184,7105,futex,classifier,InspectDeep
matmul_512x512,2,41185,7105,epoll_wait,classifier,InspectDeep
matmul_512x512,2,41186,7105,futex,classifier,InspectDeep
matmul_512x512,2,41187,7105,epoll_wait,classifier,InspectDeep
matmul_512x512,2,41188,7105,futex,classifier,InspectDeep
matmul_512x512,2,41189,7105,epoll_wait,classifier,InspectDeep
matmul_512x512,2,41190,7105,futex,classifier,InspectDeep
matmul_512x512,2,41191,7105,epoll_wait,classifier,InspectDeep
matmul_512x512,2,41192,7105,futex,classifier,InspectDeep
matmul_512x512,2,41193,7105,epoll_wait,classifier,InspectDeep
matmul_512x512,2,41194,7105,futex,classifier,InspectDeep
matmul_512x512,2,41195,7105,epoll_wait,classifier,InspectDeep
matmul_512x512,2,41196,7105,futex,classifier,InspectDeep
matmul_512x512,2,41197,7105,epoll_wait,classifier,InspectDeep
matmul_512x512,2,41198,7105,futex,classifier,InspectDeep
matmul_512x512,2,41199,7105,epoll_wait,classifier,InspectDeep
matmul_512x512,2,41200,7105,futex,classifier,InspectDeep
matmul_512x512,2,41201,7105,epoll_wait,classifier,InspectDeep
matmul_512x512,2,41202,7105,futex,classifier,InspectDeep
matmul_512x512,2,41203,7105,epoll_wait,classifier,InspectDeep
matmul_512x512,2,41204,7105,futex,classifier,InspectDeep
matmul_512x512,2,41205,7105,epoll_wait,classifier,InspectDeep
matmul_512x512,2,41206,7105,futex,classifier,InspectDeep
matmul_512x512,2,41207,7105,epoll_wait,classifier,InspectDeep
matmul_512x512,2,41208,7105,futex,classifier,InspectDeep
matmul_512x512,2,41209,7105,epoll_wait,classifier,InspectDeep
matmul_512x512,2,41210,7105,futex,classifier,InspectDeep
matmul_512x512,2,41211,7105,epoll_wait,classifier,InspectDeep
matmul_512x512,2,41212,7105,futex,classifier,InspectDeep
matmul_512x512,2,41213,7105,epoll_wait,classifier,InspectDeep
matmul_512x512,2,41214,7105,futex,classifier,InspectDeep
matmul_512x512,2,41215,7105,epoll_wait,classifier,InspectDeep
matmul_512x512,2,41216,7105,futex,classifier,InspectDeep
matmul_512x512,2,41217,7105,epoll_wait,classifier,InspectDeep
matmul_512x512,2,41218,7105,futex,classifier,InspectDeep
matmul_512x512,2,41219,7105,epoll_wait,classifier,InspectDeep
matmul_512x512,2,41220,7105,epoll_wait,classifier,InspectDeep
matmul_512x512,2,41221,7105,futex,classifier,InspectDeep
matmul_512x512,2,41222,7105,epoll_wait,classifier,InspectDeep
matmul_512x512,2,41223,7105,futex,classifier,InspectDeep
matmul_512x512,3,11534,7376,memfd_create,firewall,InspectDeep
matmul_512x512,4,11578,7687,memfd_create,firewall,InspectDeep
matmul_512x512,5,11630,7997,memfd_create,firewall,InspectDeep
matmul_512x512,6,11630,8313,memfd_create,firewall,InspectDeep
matmul_512x512,7,2220,8628,mbind,classifier,InspectDeep
matmul_512x512,7,2221,8628,mmap,classifier,InspectDeep
matmul_512x512,7,2222,8628,mbind,classifier,Rollback
matmul_512x512,7,2223,8628,mmap,classifier,Rollback
matmul_512x512,7,2224,8628,mbind,classifier,Rollback
matmul_512x512,7,2225,8628,mmap,classifier,Rollback
matmul_512x512,7,2226,8628,mbind,classifier,BlockKill
matmul_512x512,7,2227,8628,mmap,classifier,BlockKill
matmul_512x512,7,2228,8628,mbind,classifier,BlockKill
matmul_512x512,7,2229,8628,mmap,classifier,BlockKill
matmul_512x512,7,2230,8628,mbind,classifier,BlockKill
matmul_512x512,7,2231,8628,mmap,classifier,BlockKill
matmul_512x512,7,2232,8628,mbind,classifier,BlockKill
matmul_512x512,7,2233,8628,mmap,classifier,BlockKill
matmul_512x512,7,2234,8628,mbind,classifier,BlockKill
matmul_512x512,7,2235,8628,mmap,classifier,BlockKill
matmul_512x512,7,2236,8628,mbind,classifier,BlockKill
matmul_512x512,7,2237,8628,mmap,classifier,BlockKill
matmul_512x512,7,2238,8628,mbind,classifier,BlockKill
matmul_512x512,7,2239,8628,mmap,classifier,BlockKill
matmul_512x512,7,2240,8628,mbind,classifier,BlockKill
matmul_512x512,7,2241,8628,mmap,classifier,BlockKill
matmul_512x512,7,2242,8628,mbind,classifier,BlockKill
matmul_512x512,7,2243,8628,mmap,classifier,BlockKill
matmul_512x512,7,2244,8628,mbind,classifier,BlockKill
matmul_512x512,7,2245,8628,mmap,classifier,BlockKill
matmul_512x512,7,2246,8628,mbind,classifier,BlockKill
matmul_512x512,7,2247,8628,mmap,classifier,BlockKill
matmul_512x512,7,2248,8628,mbind,classifier,BlockKill
matmul_512x512,7,2249,8628,mmap,classifier,BlockKill
matmul_512x512,7,2250,8628,mbind,classifier,BlockKill
matmul_512x512,7,2251,8628,mmap,classifier,BlockKill
matmul_512x512,7,2252,8628,mbind,classifier,BlockKill
matmul_512x512,7,2253,8628,mmap,classifier,BlockKill
matmul_512x512,7,2254,8628,mbind,classifier,BlockKill
matmul_512x512,7,2255,8628,mmap,classifier,BlockKill
matmul_512x512,7,2256,8628,mbind,classifier,BlockKill
matmul_512x512,7,2257,8628,mmap,classifier,BlockKill
matmul_512x512,7,2258,8628,mbind,classifier,BlockKill
matmul_512x512,7,2259,8628,rt_sigaction,classifier,Rollback
matmul_512x512,7,2260,8628,rt_sigprocmask,classifier,Rollback
matmul_512x512,7,2261,8628,mmap,classifier,Rollback
matmul_512x512,7,2262,8628,mprotect,classifier,InspectDeep
matmul_512x512,7,2263,8628,rt_sigprocmask,classifier,InspectDeep
matmul_512x512,7,11631,8628,memfd_create,firewall,InspectDeep
matmul_512x512,8,11562,8938,memfd_create,firewall,InspectDeep
matmul_512x512,9,11630,9242,memfd_create,firewall,InspectDeep
matmul_512x512,10,2220,9565,mbind,classifier,InspectDeep
matmul_512x512,10,2221,9565,mmap,classifier,InspectDeep
matmul_512x512,10,2222,9565,mbind,classifier,Rollback
matmul_512x512,10,2223,9565,mmap,classifier,Rollback
matmul_512x512,10,2224,9565,mbind,classifier,Rollback
matmul_512x512,10,2225,9565,mmap,classifier,Rollback
matmul_512x512,10,2226,9565,mbind,classifier,BlockKill
matmul_512x512,10,2227,9565,mmap,classifier,BlockKill
matmul_512x512,10,2228,9565,mbind,classifier,BlockKill
matmul_512x512,10,2229,9565,mmap,classifier,BlockKill
matmul_512x512,10,2230,9565,mbind,classifier,BlockKill
matmul_512x512,10,2231,9565,mmap,classifier,BlockKill
matmul_512x512,10,2232,9565,mbind,classifier,BlockKill
matmul_512x512,10,2233,9565,mmap,classifier,BlockKill
matmul_512x512,10,2234,9565,mbind,classifier,BlockKill
matmul_512x512,10,2235,9565,mmap,classifier,BlockKill
matmul_512x512,10,2236,9565,mbind,classifier,BlockKill
matmul_512x512,10,2237,9565,mmap,classifier,BlockKill
matmul_512x512,10,2238,9565,mbind,classifier,BlockKill
matmul_512x512,10,2239,9565,mmap,classifier,BlockKill
matmul_512x512,10,2240,9565,mbind,classifier,BlockKill
matmul_512x512,10,2241,9565,mmap,classifier,BlockKill
matmul_512x512,10,2242,9565,mbind,classifier,BlockKill
matmul_512x512,10,2243,9565,mmap,classifier,BlockKill
matmul_512x512,10,2244,9565,mbind,classifier,BlockKill
matmul_512x512,10,2245,9565,mmap,classifier,BlockKill
matmul_512x512,10,2246,9565,mbind,classifier,BlockKill
matmul_512x512,10,2247,9565,mmap,classifier,BlockKill
matmul_512x512,10,2248,9565,mbind,classifier,BlockKill
matmul_512x512,10,2249,9565,mmap,classifier,BlockKill
matmul_512x512,10,2250,9565,mbind,classifier,BlockKill
matmul_512x512,10,2251,9565,mmap,classifier,BlockKill
matmul_512x512,10,2252,9565,mbind,classifier,BlockKill
matmul_512x512,10,2253,9565,mmap,classifier,BlockKill
matmul_512x512,10,2254,9565,mbind,classifier,BlockKill
matmul_512x512,10,2255,9565,mmap,classifier,BlockKill
matmul_512x512,10,2256,9565,mbind,classifier,BlockKill
matmul_512x512,10,2257,9565,mmap,classifier,BlockKill
matmul_512x512,10,2258,9565,mbind,classifier,BlockKill
matmul_512x512,10,2259,9565,rt_sigaction,classifier,Rollback
matmul_512x512,10,2260,9565,rt_sigprocmask,classifier,Rollback
matmul_512x512,10,2261,9565,mmap,classifier,Rollback
matmul_512x512,10,2262,9565,mprotect,classifier,InspectDeep
matmul_512x512,10,2263,9565,rt_sigprocmask,classifier,InspectDeep
matmul_512x512,10,11629,9565,memfd_create,firewall,InspectDeep
matmul_512x512,10,41295,9594,epoll_wait,classifier,InspectDeep
matmul_512x512,10,41296,9594,futex,classifier,InspectDeep
matmul_512x512,10,41297,9594,epoll_wait,classifier,InspectDeep
matmul_512x512,10,41298,9594,futex,classifier,InspectDeep
matmul_512x512,10,41299,9594,epoll_wait,classifier,InspectDeep
matmul_512x512,10,41300,9594,futex,classifier,InspectDeep
matmul_512x512,10,41301,9594,epoll_wait,classifier,InspectDeep
matmul_512x512,10,41302,9594,futex,classifier,InspectDeep
matmul_512x512,10,41303,9594,epoll_wait,classifier,InspectDeep
matmul_512x512,10,41304,9594,futex,classifier,InspectDeep
matmul_512x512,10,41305,9594,epoll_wait,classifier,InspectDeep
matmul_512x512,10,41306,9594,futex,classifier,InspectDeep
matmul_512x512,10,41307,9594,epoll_wait,classifier,InspectDeep
matmul_512x512,10,41308,9594,futex,classifier,InspectDeep
matmul_512x512,10,41309,9594,epoll_wait,classifier,InspectDeep
matmul_512x512,10,41310,9594,futex,classifier,InspectDeep
matmul_512x512,10,41311,9594,epoll_wait,classifier,InspectDeep
matmul_512x512,10,41312,9594,futex,classifier,InspectDeep
matmul_512x512,10,41313,9594,epoll_wait,classifier,InspectDeep
matmul_512x512,10,41314,9594,futex,classifier,InspectDeep
matmul_512x512,10,41315,9594,epoll_wait,classifier,InspectDeep
matmul_512x512,10,41316,9594,futex,classifier,InspectDeep
matmul_512x512,10,41317,9594,epoll_wait,classifier,InspectDeep
matmul_512x512,10,41318,9594,futex,classifier,InspectDeep
matmul_512x512,10,41319,9594,epoll_wait,classifier,InspectDeep
matmul_512x512,10,41320,9594,futex,classifier,InspectDeep
matmul_512x512,10,41321,9594,epoll_wait,classifier,InspectDeep
matmul_512x512,10,41322,9594,futex,classifier,InspectDeep
matmul_512x512,10,41323,9594,epoll_wait,classifier,InspectDeep
matmul_512x512,10,41324,9594,futex,classifier,InspectDeep
matmul_512x512,10,41325,9594,epoll_wait,classifier,InspectDeep
matmul_512x512,10,41326,9594,futex,classifier,InspectDeep
matmul_512x512,10,41327,9594,epoll_wait,classifier,InspectDeep
matmul_512x512,10,41328,9594,futex,classifier,InspectDeep
matmul_512x512,10,41329,9594,epoll_wait,classifier,InspectDeep
matmul_512x512,10,41330,9594,futex,classifier,InspectDeep
matmul_512x512,10,41331,9594,epoll_wait,classifier,InspectDeep
matmul_512x512,10,41332,9594,futex,classifier,InspectDeep
matmul_512x512,10,41333,9594,epoll_wait,classifier,InspectDeep
matmul_512x512,10,41334,9594,futex,classifier,InspectDeep
matmul_512x512,10,41335,9594,epoll_wait,classifier,InspectDeep
matmul_512x512,10,41336,9594,futex,classifier,InspectDeep
matmul_512x512,10,41337,9594,epoll_wait,classifier,InspectDeep
matmul_512x512,10,41338,9594,futex,classifier,InspectDeep
matmul_512x512,10,41339,9594,epoll_wait,classifier,InspectDeep
matmul_512x512,10,41340,9594,futex,classifier,InspectDeep
matmul_512x512,10,41341,9594,epoll_wait,classifier,InspectDeep
matmul_512x512,10,41342,9594,futex,classifier,InspectDeep
matmul_512x512,10,41343,9594,epoll_wait,classifier,InspectDeep
matmul_512x512,10,41344,9594,futex,classifier,InspectDeep
matmul_512x512,10,41345,9594,epoll_wait,classifier,InspectDeep
matmul_512x512,10,41346,9594,futex,classifier,InspectDeep
matmul_512x512,10,41347,9594,epoll_wait,classifier,InspectDeep
matmul_512x512,10,41348,9594,futex,classifier,InspectDeep
matmul_512x512,10,41349,9594,epoll_wait,classifier,InspectDeep
matmul_512x512,10,41350,9594,futex,classifier,InspectDeep
matmul_512x512,10,41351,9594,epoll_wait,classifier,InspectDeep
matmul_512x512,10,41352,9594,futex,classifier,InspectDeep
matmul_512x512,10,41353,9594,epoll_wait,classifier,InspectDeep
matmul_512x512,10,41354,9594,futex,classifier,InspectDeep
matmul_512x512,10,41355,9594,epoll_wait,classifier,InspectDeep
matmul_512x512,10,41356,9594,futex,classifier,InspectDeep
matmul_512x512,10,41357,9594,epoll_wait,classifier,InspectDeep
matmul_512x512,10,41358,9594,futex,classifier,InspectDeep
matmul_512x512,10,41359,9594,epoll_wait,classifier,InspectDeep
matmul_512x512,10,41360,9594,epoll_wait,classifier,InspectDeep
matmul_512x512,10,41361,9594,futex,classifier,InspectDeep
matmul_512x512,10,41362,9594,epoll_wait,classifier,InspectDeep
matmul_512x512,10,41363,9594,futex,classifier,InspectDeep
matmul_512x512,10,41381,9594,epoll_wait,classifier,InspectDeep
matmul_512x512,10,41382,9594,futex,classifier,InspectDeep
matmul_512x512,10,41383,9594,epoll_wait,classifier,InspectDeep
matmul_512x512,10,41384,9594,futex,classifier,InspectDeep
matmul_512x512,10,41385,9594,epoll_wait,classifier,InspectDeep
matmul_512x512,10,41386,9594,futex,classifier,InspectDeep
matmul_512x512,10,41387,9594,epoll_wait,classifier,InspectDeep
matmul_512x512,10,41388,9594,futex,classifier,InspectDeep
matmul_512x512,10,41389,9594,epoll_wait,classifier,InspectDeep
matmul_512x512,10,41390,9594,futex,classifier,InspectDeep
matmul_512x512,10,41391,9594,epoll_wait,classifier,InspectDeep
matmul_512x512,10,41392,9594,futex,classifier,InspectDeep
matmul_512x512,10,41393,9594,epoll_wait,classifier,InspectDeep
matmul_512x512,10,41394,9594,futex,classifier,InspectDeep
matmul_512x512,10,41395,9594,epoll_wait,classifier,InspectDeep
matmul_512x512,10,41396,9594,futex,classifier,InspectDeep
matmul_512x512,10,41397,9594,epoll_wait,classifier,InspectDeep
matmul_512x512,10,41398,9594,futex,classifier,InspectDeep
matmul_512x512,10,41399,9594,epoll_wait,classifier,InspectDeep
matmul_512x512,10,41400,9594,futex,classifier,InspectDeep
matmul_512x512,10,41401,9594,epoll_wait,classifier,InspectDeep
matmul_512x512,10,41402,9594,futex,classifier,InspectDeep
matmul_512x512,10,41403,9594,epoll_wait,classifier,InspectDeep
matmul_512x512,10,41404,9594,futex,classifier,InspectDeep
matmul_512x512,10,41405,9594,epoll_wait,classifier,InspectDeep
matmul_512x512,10,41406,9594,futex,classifier,InspectDeep
matmul_512x512,10,41407,9594,epoll_wait,classifier,InspectDeep
matmul_512x512,10,41408,9594,futex,classifier,InspectDeep
matmul_512x512,10,41409,9594,epoll_wait,classifier,InspectDeep
matmul_512x512,10,41410,9594,futex,classifier,InspectDeep
matmul_512x512,10,41411,9594,epoll_wait,classifier,InspectDeep
matmul_512x512,10,41412,9594,futex,classifier,InspectDeep
matmul_512x512,10,41413,9594,epoll_wait,classifier,InspectDeep
matmul_512x512,10,41414,9594,futex,classifier,InspectDeep
matmul_512x512,10,41415,9594,epoll_wait,classifier,InspectDeep
matmul_512x512,10,41416,9594,futex,classifier,InspectDeep
matmul_512x512,10,41417,9594,epoll_wait,classifier,InspectDeep
matmul_512x512,10,41418,9594,futex,classifier,InspectDeep
matmul_512x512,10,41419,9594,epoll_wait,classifier,InspectDeep
matmul_512x512,10,41420,9594,futex,classifier,InspectDeep
matmul_512x512,10,41421,9594,epoll_wait,classifier,InspectDeep
matmul_512x512,10,41422,9594,futex,classifier,InspectDeep
matmul_512x512,10,41423,9594,epoll_wait,classifier,InspectDeep
matmul_512x512,10,41424,9594,futex,classifier,InspectDeep
matmul_512x512,10,41425,9594,epoll_wait,classifier,InspectDeep
matmul_512x512,10,41426,9594,futex,classifier,InspectDeep
matmul_512x512,10,41427,9594,epoll_wait,classifier,InspectDeep
matmul_512x512,10,41428,9594,futex,classifier,InspectDeep
matmul_512x512,10,41429,9594,epoll_wait,classifier,InspectDeep
matmul_512x512,10,41430,9594,futex,classifier,InspectDeep
matmul_512x512,10,41431,9594,epoll_wait,classifier,InspectDeep
matmul_512x512,10,41432,9594,futex,classifier,InspectDeep
matmul_512x512,10,41433,9594,epoll_wait,classifier,InspectDeep
matmul_512x512,10,41434,9594,futex,classifier,InspectDeep
matmul_512x512,10,41435,9594,epoll_wait,classifier,InspectDeep
matmul_512x512,10,41436,9594,futex,classifier,InspectDeep
matmul_512x512,10,41437,9594,epoll_wait,classifier,InspectDeep
matmul_512x512,10,41438,9594,futex,classifier,InspectDeep
matmul_512x512,10,41439,9594,epoll_wait,classifier,InspectDeep
matmul_512x512,10,41440,9594,futex,classifier,InspectDeep
matmul_512x512,10,41441,9594,epoll_wait,classifier,InspectDeep
matmul_512x512,10,41442,9594,futex,classifier,InspectDeep
matmul_512x512,10,41443,9594,epoll_wait,classifier,InspectDeep
matmul_512x512,10,41444,9594,epoll_wait,classifier,InspectDeep
matmul_512x512,10,41445,9594,futex,classifier,InspectDeep
matmul_512x512,10,41469,9594,epoll_wait,classifier,InspectDeep
matmul_512x512,10,41470,9594,futex,classifier,InspectDeep
matmul_512x512,10,41471,9594,epoll_wait,classifier,InspectDeep
matmul_512x512,10,41472,9594,futex,classifier,InspectDeep
matmul_512x512,10,41473,9594,epoll_wait,classifier,InspectDeep
matmul_512x512,10,41474,9594,futex,classifier,InspectDeep
matmul_512x512,10,41475,9594,epoll_wait,classifier,InspectDeep
matmul_512x512,10,41476,9594,futex,classifier,InspectDeep
matmul_512x512,10,41477,9594,epoll_wait,classifier,InspectDeep
matmul_512x512,10,41478,9594,futex,classifier,InspectDeep
matmul_512x512,10,41479,9594,epoll_wait,classifier,InspectDeep
matmul_512x512,10,41480,9594,futex,classifier,InspectDeep
matmul_512x512,10,41481,9594,epoll_wait,classifier,InspectDeep
matmul_512x512,10,41482,9594,futex,classifier,InspectDeep
matmul_512x512,10,41483,9594,epoll_wait,classifier,InspectDeep
matmul_512x512,10,41484,9594,futex,classifier,InspectDeep
matmul_512x512,10,41485,9594,epoll_wait,classifier,InspectDeep
matmul_512x512,10,41486,9594,futex,classifier,InspectDeep
matmul_512x512,10,41487,9594,epoll_wait,classifier,InspectDeep
matmul_512x512,10,41488,9594,futex,classifier,InspectDeep
matmul_512x512,10,41489,9594,epoll_wait,classifier,InspectDeep
matmul_512x512,10,41490,9594,futex,classifier,InspectDeep
matmul_512x512,10,41491,9594,epoll_wait,classifier,InspectDeep
matmul_512x512,10,41492,9594,futex,classifier,InspectDeep
matmul_512x512,10,41493,9594,epoll_wait,classifier,InspectDeep
matmul_512x512,10,41494,9594,futex,classifier,InspectDeep
matmul_512x512,10,41495,9594,epoll_wait,classifier,InspectDeep
matmul_512x512,10,41496,9594,futex,classifier,InspectDeep
matmul_512x512,10,41497,9594,epoll_wait,classifier,InspectDeep
matmul_512x512,10,41498,9594,futex,classifier,InspectDeep
matmul_512x512,10,41499,9594,epoll_wait,classifier,InspectDeep
matmul_512x512,10,41500,9594,futex,classifier,InspectDeep
matmul_512x512,10,41501,9594,epoll_wait,classifier,InspectDeep
matmul_512x512,10,41502,9594,futex,classifier,InspectDeep
matmul_512x512,10,41503,9594,epoll_wait,classifier,InspectDeep
matmul_512x512,10,41504,9594,futex,classifier,InspectDeep
matmul_512x512,10,41505,9594,epoll_wait,classifier,InspectDeep
matmul_512x512,10,41506,9594,futex,classifier,InspectDeep
matmul_512x512,10,41507,9594,epoll_wait,classifier,InspectDeep
matmul_512x512,10,41508,9594,futex,classifier,InspectDeep
matmul_512x512,10,41509,9594,epoll_wait,classifier,InspectDeep
matmul_512x512,10,41510,9594,futex,classifier,InspectDeep
matmul_512x512,10,41511,9594,epoll_wait,classifier,InspectDeep
matmul_512x512,10,41512,9594,futex,classifier,InspectDeep
matmul_512x512,10,41513,9594,epoll_wait,classifier,InspectDeep
matmul_512x512,10,41514,9594,futex,classifier,InspectDeep
matmul_512x512,10,41515,9594,epoll_wait,classifier,InspectDeep
matmul_512x512,10,41516,9594,futex,classifier,InspectDeep
matmul_512x512,10,41517,9594,epoll_wait,classifier,InspectDeep
matmul_512x512,10,41518,9594,futex,classifier,InspectDeep
matmul_512x512,10,41519,9594,epoll_wait,classifier,InspectDeep
matmul_512x512,10,41520,9594,futex,classifier,InspectDeep
matmul_512x512,10,41521,9594,epoll_wait,classifier,InspectDeep
matmul_512x512,10,41522,9594,futex,classifier,InspectDeep
matmul_512x512,10,41523,9594,epoll_wait,classifier,InspectDeep
matmul_512x512,10,41524,9594,futex,classifier,InspectDeep
matmul_512x512,10,41525,9594,epoll_wait,classifier,InspectDeep
matmul_512x512,10,41526,9594,futex,classifier,InspectDeep
matmul_512x512,10,41527,9594,epoll_wait,classifier,InspectDeep
matmul_512x512,10,41528,9594,futex,classifier,InspectDeep
matmul_512x512,10,41529,9594,epoll_wait,classifier,InspectDeep
matmul_512x512,10,41530,9594,epoll_wait,classifier,InspectDeep
matmul_512x512,10,41531,9594,futex,classifier,InspectDeep
matmul_512x512,10,41556,9594,futex,classifier,InspectDeep
matmul_512x512,10,41557,9594,epoll_wait,classifier,InspectDeep
matmul_512x512,10,41558,9594,futex,classifier,InspectDeep
matmul_512x512,10,41559,9594,epoll_wait,classifier,InspectDeep
matmul_512x512,10,41560,9594,futex,classifier,InspectDeep
matmul_512x512,10,41561,9594,epoll_wait,classifier,InspectDeep
matmul_512x512,10,41562,9594,futex,classifier,InspectDeep
matmul_512x512,10,41563,9594,epoll_wait,classifier,InspectDeep
matmul_512x512,10,41564,9594,futex,classifier,InspectDeep
matmul_512x512,10,41565,9594,epoll_wait,classifier,InspectDeep
matmul_512x512,10,41566,9594,futex,classifier,InspectDeep
matmul_512x512,10,41567,9594,epoll_wait,classifier,InspectDeep
matmul_512x512,10,41568,9594,futex,classifier,InspectDeep
matmul_512x512,10,41569,9594,epoll_wait,classifier,InspectDeep
matmul_512x512,10,41570,9594,futex,classifier,InspectDeep
matmul_512x512,10,41571,9594,epoll_wait,classifier,InspectDeep
matmul_512x512,10,41572,9594,futex,classifier,InspectDeep
matmul_512x512,10,41573,9594,epoll_wait,classifier,InspectDeep
matmul_512x512,10,41574,9594,futex,classifier,InspectDeep
matmul_512x512,10,41575,9594,epoll_wait,classifier,InspectDeep
matmul_512x512,10,41576,9594,futex,classifier,InspectDeep
matmul_512x512,10,41577,9594,epoll_wait,classifier,InspectDeep
matmul_512x512,10,41578,9594,futex,classifier,InspectDeep
matmul_512x512,10,41579,9594,epoll_wait,classifier,InspectDeep
matmul_512x512,10,41580,9594,futex,classifier,InspectDeep
matmul_512x512,10,41581,9594,epoll_wait,classifier,InspectDeep
matmul_512x512,10,41582,9594,futex,classifier,InspectDeep
matmul_512x512,10,41583,9594,epoll_wait,classifier,InspectDeep
matmul_512x512,10,41584,9594,futex,classifier,InspectDeep
matmul_512x512,10,41585,9594,epoll_wait,classifier,InspectDeep
matmul_512x512,10,41586,9594,futex,classifier,InspectDeep
matmul_512x512,10,41587,9594,epoll_wait,classifier,InspectDeep
matmul_512x512,10,41588,9594,futex,classifier,InspectDeep
matmul_512x512,10,41589,9594,epoll_wait,classifier,InspectDeep
matmul_512x512,10,41590,9594,futex,classifier,InspectDeep
matmul_512x512,10,41591,9594,epoll_wait,classifier,InspectDeep
matmul_512x512,10,41592,9594,futex,classifier,InspectDeep
matmul_512x512,10,41593,9594,epoll_wait,classifier,InspectDeep
matmul_512x512,10,41594,9594,futex,classifier,InspectDeep
matmul_512x512,10,41595,9594,epoll_wait,classifier,InspectDeep
matmul_512x512,10,41596,9594,futex,classifier,InspectDeep
matmul_512x512,10,41597,9594,epoll_wait,classifier,InspectDeep
matmul_512x512,10,41598,9594,futex,classifier,InspectDeep
matmul_512x512,10,41599,9594,epoll_wait,classifier,InspectDeep
matmul_512x512,10,41600,9594,futex,classifier,InspectDeep
matmul_512x512,10,41601,9594,epoll_wait,classifier,InspectDeep
matmul_512x512,10,41602,9594,futex,classifier,InspectDeep
matmul_512x512,10,41603,9594,epoll_wait,classifier,InspectDeep
matmul_512x512,10,41604,9594,futex,classifier,InspectDeep
matmul_512x512,10,41605,9594,epoll_wait,classifier,InspectDeep
matmul_512x512,10,41606,9594,futex,classifier,InspectDeep
matmul_512x512,10,41607,9594,epoll_wait,classifier,InspectDeep
matmul_512x512,10,41608,9594,futex,classifier,InspectDeep
matmul_512x512,10,41609,9594,epoll_wait,classifier,InspectDeep
matmul_512x512,10,41610,9594,futex,classifier,InspectDeep
matmul_512x512,10,41611,9594,epoll_wait,classifier,InspectDeep
matmul_512x512,10,41612,9594,futex,classifier,InspectDeep
matmul_512x512,10,41613,9594,epoll_wait,classifier,InspectDeep
matmul_512x512,10,41614,9594,epoll_wait,classifier,InspectDeep
matmul_512x512,10,41615,9594,futex,classifier,InspectDeep
matmul_512x512,10,41616,9594,epoll_wait,classifier,InspectDeep
matmul_512x512,10,41617,9594,futex,classifier,InspectDeep
