workload,run,total_events,firewall_pass,firewall_inspect_deep,firewall_block_kill,firewall_rollback,classifier_pass,classifier_inspect_deep,classifier_block_kill,classifier_rollback
device_enum,1,20351,20350,1,0,0,20309,4,33,5
device_enum,2,20490,20489,1,0,0,20490,0,0,0
device_enum,3,20557,20556,1,0,0,20515,4,33,5
device_enum,4,20441,20440,1,0,0,20397,4,33,7
device_enum,5,20274,20273,1,0,0,20232,4,33,5
device_enum,6,20477,20476,1,0,0,20433,4,33,7
device_enum,7,20561,20560,1,0,0,20561,0,0,0
device_enum,8,21029,21028,1,0,0,21029,0,0,0
device_enum,9,20501,20500,1,0,0,20501,0,0,0
device_enum,10,20395,20394,1,0,0,20353,4,33,5
matmul_512x512,1,41559,41558,1,0,0,41559,0,0,0
matmul_512x512,2,41434,41433,1,0,0,41275,119,33,7
matmul_512x512,3,41236,41235,1,0,0,41236,0,0,0
matmul_512x512,4,41257,41256,1,0,0,41257,0,0,0
matmul_512x512,5,41655,41654,1,0,0,41655,0,0,0
matmul_512x512,6,41713,41712,1,0,0,41713,0,0,0
matmul_512x512,7,41529,41528,1,0,0,41485,4,33,7
matmul_512x512,8,42159,42158,1,0,0,42159,0,0,0
matmul_512x512,9,41490,41489,1,0,0,41490,0,0,0
matmul_512x512,10,41826,41825,1,0,0,41523,263,33,7
